prot_name,log2(FC),#NAME?
2259,11.01262447,1.80030746
1279,10.77539491,2.444361826
5078,10.7193097,2.13624185
6283,10.60044851,1.769673844
739,10.51213996,1.517178085
3325,10.49980209,1.987477174
2632,10.43280408,1.997613994
7463,10.40231045,2.520992531
3546,10.36624607,1.912388439
4558,10.32987389,3.138866074
1637,10.28518651,1.599817967
7031,10.26141148,2.638006262
4554,10.22089585,2.484373694
2123,10.16241936,2.300177328
5069,10.15019196,2.117497848
3106,10.09133095,1.531840532
2983,10.06471522,3.142206677
3031,10.04106417,1.99811885
4557,10.03606038,3.005827907
5453,10.02826487,2.313359578
1832,10.00605378,2.174619281
4560,10.00284026,2.163311922
4979,9.992656363,1.840420292
7427,9.973553108,2.892515947
1886,9.949415279,3.295457291
6268,9.948661435,2.014282181
1795,9.888905622,2.656709796
5090,9.871139167,1.998017312
6190,9.865351926,2.712374084
5062,9.855676153,2.075570603
2149,9.852306422,3.294774186
6255,9.846302812,3.116787558
6284,9.835690765,2.240287226
2830,9.83459263,2.119059599
6274,9.834327485,1.661543927
5067,9.82561645,1.530346344
1596,9.806155525,1.86213486
6189,9.791948335,1.743780475
2334,9.768351951,2.755537511
2511,9.751004539,1.725242288
2006,9.737805667,2.764276964
7261,9.720590914,2.615729619
6468,9.719978827,2.704947714
4555,9.715022075,2.507900817
5060,9.707905199,1.37050191
4678,9.701420465,1.535859601
7032,9.691747275,3.119532818
6960,9.690013494,2.956925762
2016,9.677517211,1.749346162
2825,9.673195348,2.604031238
5393,9.669019158,1.628126424
3242,9.667486775,2.813557016
5178,9.648480551,1.720312644
2163,9.634994168,2.584525871
6404,9.627049889,1.40718929
2518,9.617311345,2.180415968
4913,9.597836895,2.067622376
5940,9.59517508,2.260893456
3237,9.583711814,3.195293346
5076,9.581465916,1.871915306
1963,9.56458574,1.669198602
358,9.555960048,2.544072591
5081,9.553930577,3.295189209
5595,9.5522442,3.295187907
2464,9.550698795,4.448774243
1290,9.547370456,1.353179149
7460,9.532626242,4.351126807
6959,9.521784099,2.452123568
353,9.509076341,3.295154078
3236,9.505337061,2.955383783
885,9.496947554,1.441682298
6157,9.489390049,0.79585541
707,9.48572566,1.864659974
740,9.485184634,2.520426326
4445,9.484813182,1.879606363
231,9.482070392,2.671384516
5640,9.479013844,2.061841859
7601,9.477406597,2.593596645
5013,9.472390859,2.744474353
977,9.469542864,1.754926174
5549,9.457106279,1.133223249
6263,9.451239314,2.526828275
365,9.445130498,2.940560108
5061,9.432972413,2.128709678
1954,9.416143483,2.364600929
5077,9.412189709,2.235672281
1333,9.402335396,2.48541354
2220,9.398893423,3.295063192
1987,9.394829943,1.67109939
6277,9.382818621,2.174811246
3535,9.37895292,3.129384274
6158,9.375064417,3.28401787
3239,9.365575906,2.820342956
4556,9.357732228,1.922303776
1349,9.356102239,2.235918582
4387,9.346809826,2.362998269
2456,9.322256398,1.576857776
2514,9.318295062,3.19487515
3833,9.317239924,2.301866907
1829,9.316194622,2.241486981
3649,9.311129821,2.135714885
2842,9.307909261,1.772265051
376,9.300102982,2.697943406
178,9.29897947,2.650093079
369,9.295529321,2.362950394
366,9.291081198,2.131072347
1138,9.287296887,2.485307837
7464,9.282041162,2.485302804
765,9.281093275,1.374046186
4583,9.278797051,2.840185188
354,9.266346532,2.053633047
2232,9.260076469,1.975305833
6756,9.254340759,2.754575077
6470,9.248217616,1.908245626
2005,9.245321951,2.744268132
1793,9.237073472,3.294917064
752,9.236312046,1.630958911
5529,9.235311736,1.366362472
1910,9.231849371,1.697551777
7288,9.220560714,1.595084324
3252,9.21689559,3.294897721
372,9.214947042,2.248778404
1206,9.211613292,2.414230087
6401,9.205269547,1.799280568
4257,9.203117667,2.184055634
371,9.198633021,1.668877607
1912,9.197741974,1.586147635
566,9.195856746,1.581886324
6405,9.194015381,2.507199263
7347,9.191044574,1.748931689
1409,9.189146387,1.480000553
593,9.182799396,2.067253437
6238,9.174808298,2.228983643
449,9.172333897,1.473332926
5064,9.167477658,2.139137016
5884,9.167006335,2.321433356
2523,9.164699031,1.866606022
3225,9.145892453,2.593284566
2398,9.142063009,3.202610878
2698,9.127372058,1.393451167
3218,9.118411598,2.520374905
1554,9.104180227,2.836501681
2109,9.091012493,1.630811422
7185,9.083270078,2.141245867
214,9.082251313,1.34920749
5074,9.07693096,1.117130993
4541,9.074139611,2.364263621
6691,9.064296033,3.160274145
5070,9.060548946,1.539322477
6203,9.05787935,1.758327508
287,9.056169924,3.422312252
4975,9.051693107,2.093093409
7573,9.051181104,1.64474877
708,9.051154513,3.202514787
6068,9.04194284,1.917249184
5068,9.036247796,1.852505456
5520,9.029334264,1.532782682
5080,9.015478392,1.28831466
3995,9.011767741,2.232896203
6476,9.002940869,3.534508861
893,9.00201235,2.274788555
565,9.000698262,3.294049739
846,9.00005877,1.170353826
5963,8.993853626,1.694142372
6155,8.991565303,2.732245981
3642,8.975665112,2.622235173
5886,8.974229469,1.905443285
5079,8.97332628,1.900163107
5391,8.967874432,1.585901624
1602,8.964695351,1.14288441
6807,8.96359456,2.819925747
677,8.955808638,2.038330047
5816,8.955547364,1.749763731
4552,8.953601327,1.997204886
2828,8.94934271,2.162410951
3234,8.947619854,3.151376122
5868,8.941280439,1.872787797
4550,8.937682999,2.241082043
1146,8.932950197,1.84132147
2115,8.927536898,1.775239348
1095,8.926584228,2.260237448
3827,8.926132973,2.633037806
3232,8.905983437,1.75532057
5416,8.899062243,2.332454089
388,8.89895931,1.704471956
4763,8.897267481,2.485867166
6757,8.889877103,2.094443035
3231,8.886943924,2.016755728
5477,8.88618239,2.066916562
5063,8.885636115,1.840404634
7757,8.880690354,1.193169344
1072,8.878986989,3.069855204
3373,8.864625061,1.22883709
1801,8.855048274,1.574472553
363,8.854536012,2.211111638
1365,8.851467574,1.719536199
2378,8.844104633,1.811096774
1689,8.842793239,1.318818516
5526,8.842500075,3.294488114
269,8.833738084,1.725655455
3235,8.833717904,2.170463492
3289,8.826061904,1.54086154
1274,8.824254609,3.182538833
5283,8.815278606,3.294454242
7461,8.814543588,2.583696617
5132,8.811543589,2.066820309
1560,8.809575032,2.155684246
3365,8.801298699,2.702436243
3230,8.796443994,1.968409623
4127,8.794632311,1.961841445
6275,8.789298784,1.681309331
6804,8.785208332,1.506611993
7357,8.784784577,3.294415581
1604,8.784498742,1.396969499
7236,8.783056794,2.67457264
6414,8.782182954,1.917508841
5490,8.778861265,1.953163996
698,8.77701538,1.406534326
7462,8.775385879,3.294403511
6617,8.773514519,1.269511297
5536,8.771207656,1.56010015
6234,8.768351951,2.754553315
197,8.75280756,1.535017667
5885,8.751299095,2.69259563
7530,8.746397134,1.393767702
1834,8.742372593,2.297975224
6976,8.74086704,1.571479885
2770,8.738935577,1.395160815
2653,8.726412871,1.401693031
1621,8.726008735,1.452543152
5660,8.723855578,3.29433601
2639,8.722159638,2.712884607
7466,8.719024389,3.739970391
6302,8.717107439,1.719085912
780,8.715070835,2.147259536
5380,8.708799097,2.580945359
2564,8.697889789,1.762695392
5256,8.695065661,1.576146853
4559,8.69480635,1.945911411
4281,8.688852474,2.076977025
5971,8.680907458,1.584634229
6282,8.672783964,3.03065137
1953,8.668383833,1.473330477
6285,8.661904712,2.309359246
3247,8.660915682,2.363733856
6188,8.659822484,1.660257529
751,8.655523175,1.851136082
943,8.649426691,2.130304399
6991,8.642440015,1.468605259
690,8.639846304,2.906297561
5249,8.638687935,1.506410852
6099,8.637473199,1.608802596
7213,8.631149391,1.581203211
1573,8.627571417,1.192848494
2513,8.626303528,2.275175476
2371,8.624652768,2.445986482
6970,8.624498439,1.905230952
4433,8.62131443,2.240651893
2889,8.621183095,1.735856639
3250,8.618350026,2.782245902
3233,8.616429285,2.891072155
2998,8.615192003,1.594352681
7183,8.601633131,2.060835959
6280,8.58851829,2.117769353
7572,8.585852846,1.654786186
815,8.584341467,1.13230502
5964,8.576409895,1.781349478
1837,8.575889583,1.534678131
356,8.575687323,2.05208237
7064,8.572413371,1.571396375
6462,8.562392156,3.294109386
6152,8.562242953,2.130297944
5984,8.557748705,2.592520925
367,8.556168339,2.392522202
7511,8.554042789,2.30092609
1116,8.552022147,2.17316498
4859,8.543586534,1.390981921
926,8.540628549,3.069384844
4271,8.536780951,1.810657745
226,8.533171398,2.30916096
2517,8.530659181,1.98617746
4070,8.526490996,1.996609934
2357,8.52593504,2.580667994
6202,8.511213058,1.373121486
6160,8.509211137,1.72905332
3018,8.508409388,1.952762653
3860,8.506532432,2.232197413
6812,8.502357182,1.797316245
2931,8.499977726,2.550653478
6754,8.498915893,2.191394289
3907,8.491624285,3.009882616
4483,8.475337502,2.583191004
1794,8.474101135,2.519207067
5882,8.47023259,1.645667261
5191,8.468866516,1.376784409
3157,8.463859692,1.571066382
1990,8.449596823,1.573886767
357,8.449531857,1.892015433
1603,8.448215526,1.406061851
1145,8.44752934,2.3863914
5086,8.442402095,2.232089928
2865,8.439483749,1.810498066
4292,8.437507468,1.878337359
282,8.435876323,1.749023975
3088,8.425435969,3.026686977
556,8.419925995,2.519114626
6511,8.41719424,3.293884601
364,8.410353453,1.707033569
2891,8.410088378,2.129918428
1894,8.404561048,1.287958322
695,8.400928379,2.129902347
6184,8.387001086,1.678585753
2395,8.380555038,1.575655404
6406,8.378888439,1.56856331
748,8.376836503,3.293818351
5204,8.373661532,1.390707746
6982,8.37260855,1.867100744
3262,8.357073248,3.293785286
3988,8.35008201,1.394567945
1378,8.337577072,3.293752262
1716,8.333362224,1.940102055
6969,8.331758031,2.231892887
3238,8.330294739,2.361645815
2833,8.329266458,2.386180931
6484,8.328737943,2.529318317
6689,8.328049997,1.584968883
4769,8.325302675,1.739243432
6049,8.318340853,3.293719278
3354,8.318036526,1.791536071
1128,8.310925889,1.36682069
5004,8.306447175,3.293698684
3082,8.301373296,2.363132278
7349,8.298980122,1.748780444
2379,8.297773911,1.998755837
6266,8.29773661,1.814178679
241,8.297470355,2.339547853
1983,8.296363878,1.776021722
5432,8.287319808,1.538216156
5798,8.286655702,1.682690958
3074,8.284287264,1.312362209
3571,8.280621187,3.293653431
1002,8.274449821,1.673410373
380,8.274205278,0.965514863
6197,8.27236245,1.706784261
5620,8.267759763,2.853543861
3998,8.264952246,1.960987018
5225,8.264396874,1.534239768
1517,8.259239391,2.342968203
2058,8.250617832,1.916405141
6975,8.24783568,2.259496444
2896,8.240670728,2.483840686
496,8.238249631,2.259477584
936,8.234817498,3.29357135
6561,8.232115364,1.885707956
4352,8.230994333,1.532879536
3213,8.229959804,1.746978831
2750,8.224427973,1.706691912
6469,8.22089335,2.12956463
6271,8.21718239,2.065847007
6100,8.212303096,2.582709187
5258,8.212170633,1.371398864
892,8.20568042,1.998514349
4621,8.200660816,2.132891327
4563,8.197319872,1.9179052
6272,8.196613096,2.037134516
5654,8.191812773,2.234289475
1561,8.188972564,2.177617892
6540,8.188159429,1.534005028
6990,8.185037096,1.448394406
2921,8.18068764,1.570552854
6662,8.179726048,2.591839413
5791,8.175795689,0.842838321
4548,8.168259256,1.820380796
6042,8.167315099,2.017066136
3337,8.166033433,1.791240329
3822,8.16442817,3.293440543
4196,8.16442817,3.293440543
1094,8.162295515,3.212461798
2343,8.162040836,2.065734694
359,8.160020815,1.552819913
3460,8.157340824,1.748502878
2674,8.15211722,1.973693514
759,8.148799296,1.10816764
6971,8.147601739,1.973684082
2516,8.142127084,1.420005587
7197,8.123159945,1.107876398
2888,8.121994292,1.960697313
4504,8.121398851,2.06564912
1246,8.116054394,1.775662299
1681,8.114363877,1.398949303
7009,8.11356294,1.26555036
498,8.108415495,2.172340706
7291,8.106816426,2.036946846
1115,8.102234356,1.419923974
1536,8.092731742,1.748366906
5873,8.091209829,1.734902217
5555,8.090184762,1.227624876
7687,8.089140042,3.293294156
6961,8.084213569,2.146138279
4958,8.078103582,2.654633798
5155,8.074542666,3.293264977
6198,8.065461707,2.582399867
5741,8.056899705,3.293229357
5075,8.056247964,2.385624112
3240,8.044140548,2.505666114
590,8.043196347,1.707936668
567,8.037953375,1.574982544
173,8.034561497,1.391430606
1962,8.033183636,3.293180864
5864,8.018720161,1.57021037
4303,8.017024733,1.960465523
5867,8.010310921,1.879388234
5877,8.009310232,1.467465005
7798,8.007770541,1.511106801
4952,8.003836901,1.728078855
5859,8.00292904,1.995593886
6737,8.000239538,3.29311232
6162,7.991521414,1.119194129
757,7.990796336,1.489040145
1332,7.985328202,2.854166249
2760,7.982317125,2.012100472
2298,7.968049983,1.256386921
5875,7.96083255,1.412043989
6415,7.960594567,1.327411537
944,7.960555836,3.293027899
6265,7.959865478,1.796546072
3241,7.959388784,2.182060523
6688,7.953374337,2.12512279
332,7.951245838,1.451424674
1362,7.948859559,1.037494883
7286,7.938736468,1.899294095
1655,7.933347841,0.916200478
6692,7.932637139,1.245341283
5418,7.93060614,2.299689323
612,7.929922067,2.128921377
5772,7.929922067,2.128921377
6146,7.927316284,2.239303031
4296,7.923032126,1.531891368
4045,7.921464441,1.265137909
1226,7.918755508,1.454350761
2114,7.918245155,1.455598366
5879,7.918184726,1.898332646
2273,7.915592173,2.296421421
6806,7.909691048,2.264769217
392,7.905461452,2.065151703
4887,7.902365218,1.997897596
2647,7.902298866,1.616754299
1617,7.897874718,1.393643491
222,7.895700085,1.229472938
6402,7.893661973,1.775152258
2004,7.890515915,2.613131456
5967,7.890340626,0.802563481
355,7.880218138,2.416416821
1546,7.879420479,2.181863753
643,7.877265493,3.292843948
7350,7.875378328,1.278405384
4782,7.870365106,1.537321768
1327,7.870245065,3.292828015
7231,7.862106744,1.592887971
4994,7.852249976,1.371825506
401,7.851596988,1.531717004
1182,7.851144332,1.972995471
2096,7.84938646,3.292780277
888,7.849034917,1.681733085
4382,7.847948364,1.747792647
3417,7.845486107,1.779882156
6147,7.844961187,2.114895971
6258,7.844675368,1.583931593
6660,7.840461191,2.239083931
2827,7.836436194,2.581850775
6693,7.827546934,1.960001876
3245,7.824283579,1.583879704
1902,7.822658609,0.89996401
3075,7.822051796,2.761506541
1587,7.819274932,2.482878649
2788,7.818817741,1.683829228
379,7.817985853,1.2621907
2071,7.815927221,1.375464151
1791,7.814286908,1.81955816
3076,7.812938687,1.628615311
1114,7.806581685,1.704107251
1650,7.805520627,1.959943913
4531,7.805498459,2.904647284
1454,7.804099538,1.558274461
4860,7.803607062,1.390888029
1421,7.802473754,1.422063015
6456,7.80226438,1.819526512
1245,7.80185809,3.29266924
3366,7.801516832,2.396264775
6477,7.799470756,2.06487891
6246,7.799273555,2.171596697
6436,7.797082333,1.437019962
7705,7.795693298,1.220618414
7532,7.782774197,1.389457801
1053,7.770673593,1.450979575
745,7.768843033,3.29259023
974,7.768709655,0.939982818
783,7.768445216,1.547610563
4998,7.763967254,1.876873325
1359,7.760883129,1.314201469
3700,7.752674571,1.746452639
307,7.739921069,1.586387603
3637,7.732612915,0.731388285
6245,7.727291705,1.371505466
2769,7.716496085,2.49288878
1419,7.706760396,1.8767145
4079,7.705256504,1.959668573
362,7.700829094,2.132115768
3139,7.698345428,1.819241642
3215,7.697406964,2.299071425
5413,7.687436697,0.878720525
4561,7.687090551,1.536838777
1796,7.686714773,0.833466273
2200,7.681873021,1.233496038
4937,7.677416105,1.984309992
3958,7.676033313,2.299009653
5972,7.675700719,2.035863562
1920,7.671286125,2.128229905
7695,7.670412405,1.510255266
3887,7.664286303,1.51023788
744,7.656652405,1.997170588
7646,7.649854997,3.292292286
975,7.646204933,2.590521173
4038,7.643856256,3.292276706
6944,7.641110155,1.099379555
6278,7.640272162,2.064429577
4275,7.622231149,2.171093129
1121,7.614231087,3.292198953
7233,7.607455581,2.238426779
1964,7.605279446,1.569139424
3246,7.603404033,1.566774781
4058,7.600407599,2.075024908
4565,7.59618467,2.128004779
437,7.594530551,1.228696248
4147,7.592733042,1.510029235
2126,7.583369153,1.476216114
1684,7.579465669,3.292105982
2209,7.576992409,1.076426196
4995,7.573456051,1.487945468
5703,7.569969632,1.994424996
5387,7.559050412,1.005530146
4908,7.558933584,0.977827699
5265,7.558400244,1.994388687
6164,7.554033751,1.437680126
1972,7.54483779,2.127843977
6749,7.544638342,1.994345117
7096,7.53437778,3.291982584
4599,7.530945755,1.487815074
1059,7.530560093,1.568910822
6398,7.525479149,2.395459914
7292,7.522666203,1.399168619
6205,7.520440285,1.38200987
3057,7.512607648,2.055607528
1185,7.509148496,1.392580034
544,7.503608886,1.326197107
4359,7.493234114,1.747855415
3453,7.490798137,1.47016555
669,7.484356655,1.536227627
5838,7.482096876,1.994141778
6269,7.471021053,2.058209134
248,7.470620401,1.101762805
1773,7.455288344,1.450054533
1991,7.438464839,1.487517716
3773,7.430145181,1.266924684
7599,7.42139536,1.778619417
3196,7.41833991,2.2949574
5346,7.410657625,1.530425838
7353,7.405776449,2.294913506
4006,7.398022322,2.063643168
516,7.390975534,2.481569264
5842,7.390529519,1.038541034
6999,7.382718651,1.904532381
3066,7.356233506,2.383610868
6558,7.35339759,3.291454038
6145,7.353214526,2.063482664
6119,7.351181076,1.005519621
6121,7.344419924,0.695297495
7289,7.343561153,1.732791605
4314,7.340114284,1.818085778
2654,7.338787895,3.291408977
633,7.327846898,1.260751761
2367,7.31923978,2.48130985
1600,7.313375489,1.77823372
4664,7.308524613,1.509089825
7348,7.297524865,1.475268136
5899,7.284354901,1.48413836
2984,7.275206154,1.99594724
247,7.270647903,1.213419611
1888,7.264532983,1.364080367
6703,7.264461201,1.129271884
4960,7.257499327,2.445086469
1692,7.252657314,1.049569374
242,7.242691775,1.017644917
3011,7.23888995,1.958102866
5563,7.236438234,0.977053131
5830,7.225779786,2.009763455
650,7.216208531,2.295489297
3368,7.205101088,1.730430576
5096,7.203973526,1.474914581
229,7.200411482,0.877558891
7719,7.198940267,1.050732767
4302,7.194608698,2.062872711
6071,7.190071106,1.461734285
7575,7.186640993,1.993052216
6977,7.17487186,1.449042903
5852,7.173762209,1.373427322
5681,7.167346873,2.305503704
1213,7.150324571,1.508480509
2097,7.13277055,1.115890753
1456,7.12838542,3.290718452
4518,7.119784299,1.448819869
4205,7.101325319,1.224745676
771,7.095570839,2.293699745
3107,7.091070812,2.296911307
7352,7.083272735,1.114667617
7451,7.081012162,3.290551951
6191,7.074946161,3.290530332
486,7.068905559,3.290508734
6095,7.060856022,1.3118668
5505,6.998885156,1.485810208
7130,6.98392864,1.279908836
2512,6.983834685,1.816611935
992,6.978386486,2.033256079
6752,6.957228668,1.09020605
7428,6.948434552,1.580787915
5648,6.936221293,0.727566296
6514,6.934871882,2.061716839
2169,6.928068795,1.362682164
3605,6.91396565,2.12544838
3390,6.911166207,1.475432043
4505,6.897625519,1.528328774
6062,6.896798054,1.447824218
6185,6.888034138,1.674937825
6726,6.878897191,1.566321458
2162,6.858136434,1.44763528
3019,6.831954616,0.699865201
5881,6.81059688,2.052661824
5427,6.799090576,1.272446237
3497,6.77901031,1.786454338
2949,6.750292256,2.292005407
5993,6.733210571,2.440112488
1186,6.729311779,1.815311197
1188,6.717872553,1.367589535
5259,6.676755,2.29158948
1160,6.62925057,1.990275565
589,6.576952614,1.385959194
6583,6.569324994,1.587649834
4324,6.558196747,1.106805136
7616,6.497155572,0.7281845
6081,6.479995595,1.203899272
5430,6.457645537,1.215135016
465,6.45047112,1.369564187
638,6.413657521,1.813342033
4936,6.372831943,0.873605268
4770,6.321293031,1.470151593
7003,6.246551781,0.728634207
697,6.077004732,2.05601424
7529,6.057243911,1.522769319
2671,5.982317343,1.562999453
2673,5.878288952,1.200075752
4106,5.439175437,1.515995948
5748,5.104991211,0.801311896
2489,3.495107331,2.641386274
2933,3.14615158,2.616567868
5431,2.92668973,2.766821975
981,2.79175771,2.861589075
1861,2.763085955,3.284897897
1635,2.690887721,1.731058935
1705,2.649595296,2.999098352
518,2.623479201,3.207274494
929,2.595082638,2.860695043
6270,2.589742028,2.528633584
6264,2.514197265,2.613512764
6187,2.490578537,3.261516696
5452,2.370260789,2.63597124
4967,2.353075563,3.3929551
1207,2.352015503,3.588201333
2890,2.343549429,1.916909534
3824,2.307575245,3.020135327
6154,2.235945189,2.78336327
182,2.207094476,2.569965356
1157,2.124495272,2.049924257
5263,2.102411349,2.500617097
2781,2.097491123,2.257602008
6267,2.09711437,2.790567363
1696,2.051579875,3.198715508
2914,2.005643427,2.588251181
2002,2.005449266,3.244170297
7296,1.979045903,2.176129095
6066,1.978435358,4.796744269
6273,1.955423807,3.480873084
2729,1.915671115,4.604106165
4575,1.903488902,1.87140746
2780,1.895002571,2.190738203
6968,1.884391816,2.222433547
1632,1.881971711,2.749990347
2852,1.846079742,1.619307573
5273,1.830348593,3.693601759
6239,1.829229682,1.774611262
6156,1.828018629,2.1719505
1660,1.771167763,2.874581008
5017,1.760723319,2.018700202
5793,1.716252718,1.241752896
5401,1.711188994,3.924875998
2119,1.690708178,1.834079468
1340,1.67510388,3.369388611
1639,1.662673273,2.421918
4790,1.66160717,2.050759489
5994,1.65208185,2.294677097
7622,1.648898026,3.544507892
2779,1.640137593,2.814297016
4220,1.633400386,1.657150704
1153,1.628385239,2.444495412
350,1.61088359,2.426449442
5374,1.604847546,2.865313695
4403,1.602968494,2.223788902
1697,1.597757141,2.480470833
746,1.592795786,3.732674949
4574,1.580694552,1.700006567
3828,1.572536606,2.021316376
7610,1.56741879,1.550932165
2885,1.566955313,2.337891765
1000,1.552592978,1.777599432
2819,1.55198519,1.934866259
4246,1.536055422,1.722490177
6256,1.531976509,3.046900345
6097,1.530598598,1.798004065
2778,1.519470054,2.653802709
3077,1.510458839,3.472036466
4883,1.507666504,3.564750184
3013,1.503624925,2.142021031
2596,1.488987437,2.824150244
1060,1.481570308,2.002643628
3096,1.478331547,2.856082694
3961,1.476869999,1.827993815
228,1.475092026,2.529568336
1638,1.453657999,2.225300996
6972,1.438648424,2.986831638
3823,1.438506604,3.781550704
615,1.437416515,1.880385353
3800,1.436643737,1.667529932
861,1.434046134,2.072822611
4279,1.428928354,2.433429015
7311,1.399395988,2.967373756
4765,1.367379491,2.266992928
6523,1.36566505,2.271523049
1740,1.358226721,2.480981549
4585,1.357224927,2.647146895
5383,1.356776673,3.684442352
154,1.354312868,1.33316468
781,1.352090905,3.071035528
6722,1.342770014,3.519966559
3643,1.34068599,2.03184658
2365,1.331723991,1.875982568
1415,1.317349629,1.643078888
3829,1.304701806,2.530009497
5182,1.298096137,2.067871849
2444,1.282118655,1.576340236
2350,1.277215558,1.291270038
957,1.263636019,3.483943989
4584,1.251987229,2.461641756
2116,1.215681071,2.347939357
6816,1.204243491,2.294619293
7472,1.198522016,1.560161011
4190,1.184369894,2.785076414
3924,1.17622565,3.29760628
2699,1.175779892,2.580020766
5093,1.17064114,2.194303461
2377,1.170598552,2.037570318
5036,1.167096813,3.304769286
3030,1.161700169,3.062123074
4976,1.145752407,2.926814275
7290,1.144616233,1.168805265
3158,1.134790533,1.830419589
533,1.128162302,3.219273997
5232,1.125542417,1.730052923
4945,1.120213175,2.998070218
1152,1.119998815,1.996045417
143,1.117115083,1.161579279
1006,1.114103958,1.468291065
7071,1.105804625,2.832684519
4177,1.081419147,1.574537577
1518,1.07970098,1.866856886
2667,1.074499014,1.462995239
5066,1.072646149,2.099779992
5665,1.067851675,1.359235403
1464,1.066854444,1.898228965
5850,1.058476912,3.547047758
1935,1.057666171,0.676197706
5253,1.055944709,2.406851068
6721,1.042073863,2.385194471
1381,1.041496164,3.190530755
174,1.039489,1.085544295
1636,1.038587846,1.340925432
7316,1.037502891,2.781111366
3825,1.016678409,1.692021778
4268,1.016306934,1.848761055
6974,1.009448391,1.058527561
1657,1.007960917,1.977736888
4713,1.007017557,1.789163907
3950,1.003373296,1.555997091
5233,1.002614677,1.489188047
2361,1.001172396,2.704923814
5384,0.996540995,3.772549067
3159,0.987242572,1.355098805
3283,0.986002533,1.615053154
1247,0.984358868,1.440644824
232,0.983130999,2.971249526
2362,0.982766815,3.347402685
3952,0.981323156,1.5678501
6760,0.977586291,1.201577148
7647,0.97625267,2.65407247
909,0.975418803,2.519298146
3698,0.975001528,1.587966447
4570,0.964863967,2.400502239
7284,0.961509832,1.298714948
5190,0.958695036,1.600602206
4103,0.957300118,2.897232826
1440,0.945999797,1.319247085
3191,0.944100905,4.577354895
2040,0.937741346,1.908605488
3809,0.936759819,1.617464744
2253,0.924317597,1.766447384
1064,0.923987822,2.091866804
7723,0.921315039,2.310359084
1036,0.915996528,1.402373213
4633,0.914897836,2.442074238
2665,0.909823575,1.524506276
862,0.90452697,2.438309669
5992,0.901842754,1.604624671
6485,0.899041845,1.64332175
3012,0.891660572,1.619457077
1328,0.888312138,1.9012249
1745,0.885264703,0.989385815
2256,0.882292879,3.04378819
3721,0.878329198,1.292665685
5446,0.871577181,2.621650233
3810,0.867728968,2.263670575
2661,0.861214756,1.671732647
6628,0.858790474,1.385725413
2433,0.85747313,1.545140284
6441,0.853645911,3.396556681
1376,0.85193855,3.47949852
6788,0.851210758,2.076162596
6480,0.846626089,2.038737484
4825,0.828981301,2.397286446
3083,0.819385453,3.354857973
6032,0.817120292,1.798367208
2616,0.817009898,1.699805845
4857,0.816068923,3.51620056
3760,0.813765893,1.980669954
619,0.811596512,1.190916906
6598,0.811171849,2.131266901
2663,0.809748417,1.643735604
5252,0.808363749,1.754767528
4918,0.807735364,0.901789062
2543,0.796640828,2.511067264
4104,0.793699092,2.508271442
7263,0.790701218,1.570237274
1945,0.786539624,1.221355279
5650,0.784941235,1.484810768
7108,0.781464535,1.280676851
1863,0.78057787,1.51823544
1667,0.779902394,2.016212893
6940,0.772830655,0.98615541
4379,0.769935368,1.678939455
4248,0.763534911,1.042423307
3556,0.751739214,0.973182245
7070,0.749136629,2.052625244
2906,0.747966625,0.951181173
3573,0.730360357,1.060289159
2926,0.728282731,2.327528626
434,0.721118826,1.36200782
4108,0.71877253,2.053379911
1281,0.717549744,1.791920213
5796,0.713932715,1.169537518
3618,0.71229761,1.90251404
7139,0.709253972,0.859420752
3657,0.708909809,2.673286527
3567,0.705994572,1.68027417
2798,0.70038878,1.530452255
6626,0.698342987,1.184079445
2886,0.697170032,0.940140116
1957,0.680522191,1.417012799
5763,0.665777108,1.715991373
3936,0.663307158,1.487737694
2576,0.663221837,1.643441013
1370,0.66035384,2.707286475
2776,0.654287979,1.310336465
5495,0.650937338,1.838731689
6210,0.65055018,0.904371051
3319,0.646542911,1.057882423
1944,0.645748767,1.060574707
4381,0.645393191,0.955434371
4889,0.639197468,2.285637067
3603,0.63875572,1.287808849
1020,0.633967852,0.898859717
3646,0.632783537,2.441333476
1512,0.632423184,1.486367428
1334,0.631787123,2.362627676
2063,0.62653998,1.920099779
5323,0.624703172,2.285113806
4239,0.624601172,0.85185616
5242,0.622974144,1.297187317
3017,0.620770224,2.184163998
1301,0.620286358,1.595540595
2164,0.61539012,2.016375619
7055,0.613298324,2.500814277
3004,0.609155534,2.593947317
5130,0.597827102,0.514319659
5244,0.596878216,1.439295699
1559,0.595822356,0.889857278
4731,0.595756068,0.989031637
5027,0.595072426,1.139666138
2953,0.593737547,2.203243602
179,0.58989721,1.031942753
6557,0.586828238,1.210381734
717,0.583829124,1.049047552
1063,0.583286811,1.335223717
4573,0.580839263,0.837412799
2581,0.576709544,0.419329053
5790,0.56905648,1.465182272
4120,0.568881567,1.797387917
2031,0.568793236,0.999331637
5847,0.568779174,1.755722661
4289,0.56797413,1.730206542
175,0.567860254,0.85464875
3578,0.567742716,1.222145419
4815,0.558548055,1.377897665
2773,0.554190886,1.083849837
3416,0.54861553,2.215961005
2013,0.546209861,2.233891294
2909,0.545513357,0.494322471
3029,0.543899595,1.326439333
2292,0.543615789,1.412858021
1427,0.54301305,1.065636335
6509,0.541443276,1.840834043
541,0.541251854,0.888553843
4801,0.539325634,0.866058664
6964,0.537491422,0.827270427
4934,0.534632111,0.840931789
5011,0.531460528,1.712258205
467,0.53105141,1.010292884
5131,0.530106209,1.058693626
5464,0.528752943,2.787838813
3430,0.519119482,1.057969458
4064,0.515190059,0.538140503
903,0.514018617,1.4114815
7395,0.5133,1.217060638
2617,0.512144887,1.096815338
4983,0.51126238,0.887619472
1785,0.510070562,1.308592526
479,0.509786215,1.719772831
2229,0.506908045,1.411026
5134,0.505277747,1.030150247
7509,0.504532307,1.570282447
5193,0.504376697,0.540360419
6734,0.502357728,1.041839238
1499,0.501933803,0.614305502
4903,0.501240533,1.61500261
1788,0.501204608,1.912352164
1468,0.495957807,1.011746246
5029,0.49444081,0.822952975
1959,0.492719615,1.432283219
3545,0.487696889,0.796105308
4345,0.487282055,1.815586398
3975,0.487017151,0.776490589
7313,0.484467898,1.21222565
3305,0.483963349,1.346482942
2948,0.483548442,0.698017591
5370,0.483008154,1.557262051
1346,0.478326471,0.618073838
681,0.478307601,1.963225457
5762,0.474605968,1.394977589
2916,0.470656363,0.541192055
5691,0.469630403,1.232867067
5319,0.466253564,1.988254109
4501,0.461795396,0.950674341
1623,0.45787794,2.350156685
2991,0.457625156,1.756583407
7648,0.45656328,1.068289113
3055,0.453504341,1.640349793
2923,0.452398689,1.300232689
1181,0.442552291,0.69090016
1214,0.441396158,0.546721827
2374,0.438542359,1.26244059
4274,0.437360151,0.690988291
2214,0.436770063,0.820654249
6618,0.436487146,0.766433648
1952,0.436108151,1.610025283
2121,0.433905908,0.851665397
2623,0.433308065,1.364928456
5500,0.433061647,1.074522662
1645,0.432819561,1.149452662
1571,0.432784061,0.531060267
6399,0.432134883,0.646763189
1411,0.428530036,1.274412277
466,0.421666118,0.442262481
5825,0.420728052,2.66756402
3938,0.419020851,2.525290566
4914,0.418700135,1.800918038
6729,0.417764655,1.215600564
1467,0.41474169,0.713457601
2100,0.412648034,1.025926528
4481,0.411850313,1.133446012
5639,0.411263608,1.124121654
1388,0.406101653,1.198517591
7285,0.406066953,1.646375835
5160,0.404404817,0.548118046
3835,0.402900991,0.444671411
2090,0.402640186,1.212255608
6331,0.401050529,0.603030301
2726,0.399825893,0.46137428
3342,0.399614282,1.235068607
1682,0.397108192,0.680321474
6461,0.396921475,1.641665678
4920,0.39337583,1.190939033
3566,0.392637949,1.240724292
3104,0.392366114,0.746983086
2528,0.391732247,0.472214617
1998,0.384723189,1.030183495
3613,0.383531191,1.21526426
7287,0.382877634,0.804681455
3350,0.380407286,1.177265766
3648,0.376812189,0.532345945
2029,0.376464585,1.525249903
1896,0.373075495,1.94188272
1958,0.372844357,1.488203014
3964,0.370369839,2.811424468
1790,0.368442351,1.576364576
6086,0.366608979,0.783964728
1451,0.366131833,0.383681954
2194,0.365310892,1.341622105
1496,0.364195548,0.45017865
3775,0.364020194,0.566779299
959,0.362281687,1.27218012
4067,0.358388412,0.732166247
2435,0.356286545,0.512935671
2332,0.355223123,0.838438627
1809,0.351628814,0.965500413
5406,0.349800048,0.364824633
2910,0.348458492,0.81939796
2659,0.344882727,0.848501179
497,0.344131412,1.576844648
1631,0.343431911,0.800851333
2136,0.34068599,0.821753111
718,0.339993874,1.151656913
2555,0.339445142,0.844124426
5352,0.338425745,2.234583342
3574,0.338154947,1.333476465
3208,0.336860109,0.734872048
2541,0.335564581,0.60484823
3808,0.335397751,0.978833759
2236,0.332107137,0.955947112
2260,0.331543282,0.898090963
2442,0.327821674,0.477147273
1643,0.322907924,1.440770321
5645,0.318839904,1.367915834
1537,0.31774548,0.38518543
3908,0.316189564,0.912046191
2363,0.315167043,1.551839852
3814,0.313944424,0.539144716
5187,0.3138751,0.507628526
2633,0.311587034,0.691259323
1856,0.310209341,1.340452121
5467,0.306390103,1.248619001
3801,0.305418816,0.468886555
4189,0.301380124,0.196597637
4048,0.298913328,0.568459821
6332,0.297385129,0.680119534
1570,0.293953431,1.209565028
4236,0.293460861,0.802439303
2061,0.290731918,1.05288842
4380,0.28864372,0.637752746
7033,0.288000495,0.719417848
2144,0.28748936,0.699351408
3794,0.287141136,0.997561553
1136,0.285311467,0.825074682
2789,0.281582891,0.775777847
840,0.280686293,0.445410378
774,0.278860003,0.405895505
190,0.278121273,0.872901032
6055,0.277978882,0.68490838
3403,0.277948913,0.767594819
6965,0.276721205,0.394719575
2908,0.276369067,0.687653644
5764,0.276032622,0.876817259
7434,0.275883598,1.165074725
7211,0.275355013,0.397538353
3971,0.274300775,0.536974784
5550,0.273032346,0.278658962
5753,0.271962356,0.422689383
1593,0.270051963,0.922147973
3939,0.270051963,0.922147973
2437,0.269896962,0.403094458
3654,0.269479072,1.066939075
2152,0.267349495,0.67557126
2851,0.266472062,0.349758636
3944,0.266409343,0.740512893
6214,0.265697571,0.548989799
1183,0.26512516,0.961350713
6992,0.264322511,0.181262084
3854,0.26368966,1.252176452
1926,0.259299031,0.494876106
1913,0.254757363,1.737240404
3027,0.25337061,0.915563409
1069,0.253198306,0.694929064
4136,0.253025499,0.964270972
1098,0.249852339,0.50774454
4803,0.24862984,1.807890255
1475,0.247543287,0.667777771
5551,0.246484826,0.178021295
1669,0.244633306,0.759414539
6082,0.244633306,0.759414539
1062,0.243884684,0.962512607
1780,0.243495973,0.515686329
3079,0.243457592,0.939477179
3565,0.238481377,1.012046304
3205,0.236520082,0.368654355
5826,0.235576737,0.801099844
5135,0.235451165,0.48585244
1336,0.232533342,0.264902638
5044,0.231317296,0.673197265
7278,0.231114427,0.518182695
5565,0.230681732,0.409474601
6074,0.230563301,0.382356061
3606,0.23027548,0.613678743
4244,0.22582973,0.573750493
7037,0.225473445,0.643403193
3786,0.219980895,0.291798011
5785,0.216435684,0.484269717
3363,0.212475175,0.176321892
1514,0.205902702,0.220437975
5637,0.20433916,0.208230532
1808,0.201496559,0.332290498
1520,0.201378172,1.125268862
4305,0.200894189,0.522914226
5102,0.200832561,1.221023614
5163,0.19996046,0.466452194
782,0.198584882,0.801134713
3331,0.194529493,0.154784279
2434,0.192130392,0.412487068
2176,0.191546042,1.020164133
2161,0.189805063,0.9046444
7408,0.188940625,1.257772048
1460,0.188668781,0.495392659
5540,0.187311897,0.175906267
5411,0.187116991,0.415363622
1507,0.183728309,0.263388531
1582,0.182828998,0.350103412
2440,0.180177602,0.084968929
196,0.179549407,0.331047882
4580,0.179268499,0.36793434
5843,0.178713786,0.292840775
4149,0.177715737,0.370873211
6107,0.177618682,0.278650452
6952,0.175860566,0.353549747
2782,0.171661439,0.380877394
4238,0.171207405,0.512131288
3045,0.170741319,0.610573779
3542,0.170391547,0.83641251
2993,0.169661323,0.755651658
4567,0.165604822,0.443944333
2094,0.162943652,0.296802636
2542,0.162322033,0.989593261
1325,0.16096639,0.467274343
3884,0.160356155,0.902956853
4142,0.160057418,0.279392412
2250,0.159067965,0.215468481
3655,0.158275195,0.772572222
4066,0.157654698,0.259895807
4060,0.154286929,0.597508801
6750,0.149811081,0.35442817
2134,0.147332488,0.133607499
1534,0.146597335,0.230547812
5780,0.146168072,0.340712307
5169,0.144840387,1.024600452
1019,0.144672416,0.352328155
3481,0.144672416,0.352328155
4625,0.144566806,0.169260893
1995,0.142449558,0.193259261
2911,0.142252788,0.167695386
6479,0.140749291,0.382401859
3834,0.140399672,0.162177971
6519,0.138161985,0.186266837
3666,0.13812587,1.183705693
4895,0.137277916,0.423728157
5562,0.136658001,0.48036537
4318,0.136062559,0.060643068
4740,0.135402832,0.105855635
5111,0.131218075,0.46219641
3560,0.129258798,0.759252833
5031,0.125205365,0.414884147
5481,0.12515856,0.242232012
5466,0.122119938,0.656997005
5247,0.118726659,0.438446598
2279,0.11786792,0.43571647
2738,0.117511149,0.426197402
1519,0.117149362,0.269798549
4409,0.116721977,0.174951496
1864,0.112430294,0.189283771
5735,0.112315405,1.233376316
3308,0.108578727,0.219142894
713,0.107184533,0.0860321
4099,0.104749435,0.166453149
4462,0.104521377,0.42471211
3874,0.104483863,0.591938395
3956,0.10383226,0.149630643
2092,0.098487344,0.212654099
1800,0.095190785,0.179606353
6787,0.095154667,0.111934068
2662,0.094255906,0.234263303
7565,0.094255906,0.234263303
5161,0.093040439,0.17901427
6466,0.091077834,0.865727165
4907,0.088606782,0.275867336
3569,0.087678753,0.206070535
3322,0.086739787,0.10608713
1193,0.085599702,0.419143195
4031,0.085210246,0.156430844
4485,0.084325875,0.276191441
1766,0.083276636,0.160604261
5248,0.082388325,0.144647104
4119,0.080037614,0.12759191
2226,0.079761602,0.192882423
3081,0.073203912,0.475467539
4389,0.073074904,0.085283994
536,0.071335001,0.164206239
5541,0.071081008,0.110253919
441,0.070798845,0.348216373
7351,0.070434537,0.058816359
328,0.06940501,0.107842215
1586,0.068981252,0.28844801
4755,0.06860538,0.056287604
6614,0.067988512,0.421745616
3132,0.067843046,0.566056615
1135,0.067346149,0.132848107
2609,0.067339732,0.562208944
2859,0.067048795,0.143420513
4315,0.063319332,0.144720573
6020,0.062741331,0.085697783
5761,0.061199824,0.069423574
2065,0.060331521,0.462734866
6443,0.059161931,0.187233488
1469,0.058201977,0.114671863
5405,0.058107781,0.138781582
6015,0.057883721,0.216879473
5501,0.055161017,0.190260306
3644,0.055051275,0.117883335
2841,0.052217123,0.24280702
5507,0.050764905,0.200740862
6073,0.050676441,0.075466381
5211,0.049024578,0.083638835
6624,0.048706075,0.179666796
7133,0.048315755,0.080976048
5736,0.04758744,0.107450554
3915,0.047023457,0.112560371
3022,0.046234943,0.135975876
7319,0.046201084,0.254002394
3284,0.045992834,0.575557512
1037,0.045843388,0.081383704
1354,0.045815957,0.040759884
5230,0.045534085,0.09722454
5726,0.043398976,0.050023085
5194,0.042820026,0.248570836
3843,0.041986329,0.139897904
2532,0.041281917,0.189079511
3153,0.038267779,0.042392564
4249,0.034559474,0.040043591
6764,0.034461098,0.069974839
4634,0.034266086,0.097607779
2146,0.032122295,0.04260967
7645,0.031814748,0.032783758
3852,0.031176033,0.052484942
5734,0.026754152,0.038685875
3056,0.025305794,0.030966561
5491,0.024043582,0.026358104
5989,0.023369285,0.101637274
3296,0.022923919,0.242017115
5533,0.021492262,0.067229904
2893,0.021253033,0.029548037
3067,0.020265995,0.036195949
6627,0.01777546,0.024490798
4313,0.016940101,0.036394832
2154,0.016220784,0.100159819
1929,0.015056248,0.125498279
3898,0.014358317,0.048147685
2293,0.014214747,0.020715235
3793,0.013465543,0.077111337
3792,0.013267586,0.013221491
3385,0.012939614,0.014543931
2333,0.011407041,0.019902348
5366,0.009313338,0.017113213
5158,0.008562811,0.048807034
4591,0.006182384,0.010248224
3130,0.005851221,0.009087563
3899,0.003402555,0.025058152
3334,0.000962452,0.002368695
2573,0.000272525,0.00034099
4240,-0.000163088,0.000154816
1463,-0.002239033,0.013567406
1949,-0.002375998,0.002728235
3142,-0.005187339,0.009376391
902,-0.006644681,0.01218538
3182,-0.006795773,0.004582036
4222,-0.007697759,0.005562552
4068,-0.008850134,0.026121485
5145,-0.008891975,0.007307668
5390,-0.00952329,0.016562841
3902,-0.011023098,0.042722435
4077,-0.012240559,0.031204386
2867,-0.014222284,0.038140646
2899,-0.015899681,0.00852113
3313,-0.015963337,0.029497335
2112,-0.016863513,0.06638071
5207,-0.017207909,0.014609063
1516,-0.017635062,0.031305044
5998,-0.017898146,0.078375866
3941,-0.018432753,0.020739884
4323,-0.01863355,0.03498526
4844,-0.019092808,0.174558496
5188,-0.023525176,0.025294514
4954,-0.023892715,0.037970186
4586,-0.023903614,0.078058216
5775,-0.024113382,0.053019619
6493,-0.025199214,0.033398333
2504,-0.025487827,0.034653021
6139,-0.026103925,0.028988081
1936,-0.026594397,0.060129778
6126,-0.026594397,0.060129778
2111,-0.026598031,0.070251375
2929,-0.02753309,0.030186684
3538,-0.029212897,0.021963963
548,-0.03033655,0.035859979
4112,-0.030920917,0.071756391
3960,-0.032748899,0.116466598
6208,-0.032799233,0.035388597
1539,-0.033359925,0.11140124
5845,-0.033359925,0.11140124
7312,-0.033359925,0.11140124
1056,-0.033639684,0.150041096
5385,-0.034336071,0.307011468
3105,-0.034802334,0.044786649
7578,-0.036297384,0.050314911
5105,-0.037560602,0.191528187
2980,-0.038796494,0.136577088
3476,-0.038958674,0.053516766
5373,-0.039964082,0.078033803
4152,-0.039969644,0.063387978
1515,-0.041972494,0.029793179
5186,-0.042172777,0.101883311
2045,-0.042395148,0.086284549
1900,-0.044643956,0.089892366
3841,-0.047725305,0.049140109
2772,-0.047760834,0.13664563
4872,-0.048878594,0.145871475
2076,-0.04899319,0.119264852
3804,-0.049551197,0.056811549
1772,-0.05023184,0.158257712
2797,-0.053031209,0.146760923
4182,-0.054402522,0.069783258
1866,-0.056423123,0.041682288
5715,-0.057553737,0.150504448
5499,-0.058227251,0.082230788
3895,-0.058306995,0.113874126
6463,-0.058664185,0.11995315
4358,-0.05909959,0.166499596
5831,-0.062408688,0.167999554
1928,-0.06258562,0.371662171
1654,-0.063478846,0.283708193
3668,-0.06398867,0.088713951
2122,-0.06446696,0.076753081
1442,-0.066741282,0.179444092
3346,-0.068697575,0.233605563
3186,-0.069488495,0.936286317
5497,-0.069832917,0.069236079
1916,-0.071183943,0.157584462
1938,-0.071715805,0.18539242
1918,-0.071994436,0.226959937
2294,-0.072035945,0.29281748
4245,-0.077299634,0.381195284
5048,-0.079992888,0.155678108
1450,-0.081288844,0.285790623
3761,-0.082016806,0.151856296
1070,-0.082532291,0.480511637
5649,-0.082861514,0.188131998
1372,-0.084090352,0.169926634
4947,-0.084515458,0.226268763
2919,-0.08573442,0.318129857
4227,-0.088522838,0.185157493
2677,-0.088581149,0.201451377
2947,-0.091704997,0.327066012
1613,-0.092242886,0.422544656
2641,-0.092366474,0.542827378
7089,-0.092494786,0.18187272
5510,-0.092945963,0.553868026
3028,-0.093394938,0.072039008
4078,-0.094812042,0.221040526
6052,-0.098387747,0.171068504
2158,-0.099996283,0.285833568
2666,-0.103798626,0.24872538
798,-0.105276309,0.215153982
6648,-0.10556246,0.360687346
5202,-0.106180817,0.39527618
2175,-0.108231915,0.436687402
4418,-0.112035796,0.360679119
1239,-0.113197823,0.288548167
3062,-0.115613887,0.451058602
3149,-0.119008146,0.652782574
2755,-0.120788154,0.076233378
6140,-0.122282668,0.290452218
3788,-0.124245527,0.540874794
3369,-0.127720422,0.819255517
1914,-0.127932317,0.826342363
5688,-0.130392649,0.115906184
1417,-0.130550167,0.123382604
2864,-0.133572399,0.117857524
5357,-0.134522618,1.203708617
1331,-0.136346972,0.179867147
3622,-0.137251181,0.164711786
5458,-0.137251181,0.164711786
6307,-0.138019824,0.157194496
1373,-0.139783692,0.126551509
1505,-0.140662177,0.358584525
1812,-0.141227601,0.113648567
918,-0.141253596,0.297133357
5473,-0.142038316,0.216598753
2178,-0.142072433,0.358611087
3371,-0.14209399,0.492238968
6116,-0.142117895,0.331453742
2007,-0.14233416,0.471920321
2082,-0.142392459,0.320589723
1909,-0.143942396,0.474136124
5245,-0.144628391,0.260248798
3040,-0.144931138,0.643358886
144,-0.145170523,0.195379986
2579,-0.145363162,0.563852274
1490,-0.145605899,0.242529796
1487,-0.146449769,0.167234893
1750,-0.147001082,1.620904923
5122,-0.147001082,1.620904923
4128,-0.147261972,0.481335494
3330,-0.147430196,0.262887391
5451,-0.147903995,0.189137919
3927,-0.148116258,0.297614737
5865,-0.148366797,0.715566325
5556,-0.148394918,0.235721669
2756,-0.148570368,0.251902812
3164,-0.148582962,0.357659557
3879,-0.148871966,0.740297269
7625,-0.14912709,0.658983019
3772,-0.149355557,0.179385055
5731,-0.149371153,0.922937313
3101,-0.149759808,0.776094536
4200,-0.14988977,0.633897317
4394,-0.15040594,0.377176918
3561,-0.15059898,0.387506637
3918,-0.150916367,0.176730763
7409,-0.151209412,0.263001016
4172,-0.151632472,0.290120069
4484,-0.152080393,0.205487762
6739,-0.15212583,0.265898788
953,-0.152286345,0.377051681
5638,-0.152286345,0.377051681
4216,-0.153313005,0.145440204
4016,-0.153380695,0.202285743
4460,-0.153396108,0.547817649
6615,-0.153678136,0.289981596
2227,-0.154356994,0.321826483
4516,-0.154398266,0.255651629
994,-0.156817323,0.231165455
779,-0.15851505,0.160572677
5234,-0.158648293,0.156822698
6132,-0.15866273,0.240888856
2364,-0.159464008,0.158075365
5033,-0.160214102,1.339863621
834,-0.160841407,0.166431419
1208,-0.161381081,0.20005553
3009,-0.163664351,1.350035056
5643,-0.163876293,1.640744937
886,-0.165064974,0.178642897
2670,-0.16654401,0.128865532
191,-0.168394321,0.305092661
1764,-0.173850167,0.542473906
3945,-0.181726958,0.655774882
6625,-0.18448576,0.72882512
4232,-0.185692237,1.05125746
4057,-0.189723177,0.417331719
5534,-0.189895276,0.639780197
4760,-0.192296194,0.857447068
1642,-0.193213533,0.571733094
4956,-0.195917908,0.468790111
5378,-0.196819875,0.764613259
5198,-0.200211242,0.803908744
6474,-0.200724324,0.423791238
569,-0.200736246,0.446650516
1008,-0.201066297,0.619776467
2032,-0.201478546,0.367676463
4604,-0.202937193,0.466720678
2638,-0.203252746,1.14426002
5858,-0.204051536,1.100516148
5129,-0.204825536,0.499961777
2155,-0.208990586,1.005253174
1690,-0.209405376,0.367753664
4549,-0.211212271,0.732177597
3317,-0.211947197,1.135230861
2794,-0.212590656,0.515384595
5687,-0.213257101,1.024081043
1865,-0.216916688,0.425423028
6542,-0.218351757,0.786483907
5664,-0.218855269,1.382697642
5356,-0.223393638,1.472767799
3870,-0.225231792,1.285520798
7555,-0.227640731,0.206865856
4176,-0.22867581,1.457505331
4843,-0.229531679,1.364154039
3339,-0.231184768,0.438964419
6758,-0.231184768,0.438964419
1483,-0.231248108,0.503859373
2192,-0.232233093,1.813126325
3817,-0.23328108,0.577912876
7167,-0.23363747,0.382167551
6161,-0.234060563,0.798845793
6000,-0.236623525,0.960517399
6002,-0.237218635,0.816346343
5588,-0.237554258,0.670023116
6619,-0.238488695,0.813464156
3128,-0.238567679,1.56550385
2907,-0.239921012,0.580739494
5412,-0.240152668,0.44798023
4465,-0.240810888,1.120062756
2080,-0.242434138,0.449131204
6075,-0.242483556,0.353400679
6008,-0.242944824,1.103279175
4909,-0.242970733,1.518624488
5271,-0.24312463,0.45184183
6458,-0.243406961,0.750421424
6608,-0.243644618,0.132503745
3838,-0.243688068,0.970561907
2585,-0.244267981,0.552811086
5770,-0.244758453,0.268793846
5103,-0.244888514,0.265512227
2038,-0.245154017,0.720181982
5698,-0.248587381,0.371888259
6676,-0.248587381,0.371888259
1585,-0.249781521,1.042251188
863,-0.250648192,0.552703978
1196,-0.25085315,0.653475949
4676,-0.251064011,0.613080827
3909,-0.251194984,0.436821295
6745,-0.25283694,0.608935786
2128,-0.254269107,0.416012177
2625,-0.255738245,0.555921921
2547,-0.256409716,0.616652427
6586,-0.256477495,0.315257104
1942,-0.257896502,1.419805071
4827,-0.258165013,1.722983723
3539,-0.259076202,2.03416309
5692,-0.25924006,1.126536494
6742,-0.259282846,1.008719313
1774,-0.260237973,0.916207921
4622,-0.26091183,0.379686266
1921,-0.261318221,0.39730225
5863,-0.261612418,0.522838032
1498,-0.262534156,0.934742194
3968,-0.264587226,0.566083973
5459,-0.264720488,0.581621772
1628,-0.265628554,0.536116238
4320,-0.26591371,1.273832904
2526,-0.266895726,1.262257332
3784,-0.267146724,0.744006457
5580,-0.267826614,0.229331796
1535,-0.268206499,0.956919462
3134,-0.268869427,0.723477057
6995,-0.269436961,1.542432551
4759,-0.270818001,1.253509847
1651,-0.27201295,0.61996735
4768,-0.275889979,0.471908776
5959,-0.277553428,1.012031907
4304,-0.279058379,0.252715208
1004,-0.281856573,0.820465789
6216,-0.282235153,1.262586192
2840,-0.286935113,0.759990881
5140,-0.287480243,0.405460631
2281,-0.287981895,0.716251494
5479,-0.288501136,0.437244404
3955,-0.289682205,0.884130249
1930,-0.289875026,1.47113677
2834,-0.291814363,0.917263194
2171,-0.291842171,1.601097273
5359,-0.291849908,0.863641258
2075,-0.292144468,1.406451065
2635,-0.293020139,0.679709191
5246,-0.293429129,0.308559899
4894,-0.293843878,0.557703808
1425,-0.294682412,1.366754043
220,-0.295194946,0.78824178
1653,-0.296091072,0.773920578
3349,-0.296193724,0.526973893
2177,-0.296547561,1.493464401
5125,-0.296766891,1.110341084
2389,-0.297766891,0.349174821
2846,-0.297857827,1.463080692
4712,-0.297987893,1.393612502
1465,-0.29962242,0.684872577
5410,-0.300359331,0.861319117
5695,-0.300498536,0.990602795
1648,-0.300941969,1.319439344
5358,-0.301062123,1.47619513
2605,-0.301294145,0.651989288
4319,-0.301294145,0.651989288
581,-0.301567964,0.802481883
7631,-0.301740234,0.621128142
5126,-0.304443746,0.686544954
829,-0.305587931,1.21830027
1842,-0.309209929,1.702777644
5339,-0.309535626,1.420630774
1194,-0.312452445,1.173230407
6060,-0.3134399,0.315379274
4463,-0.313539372,0.788385834
5104,-0.314512646,0.814245464
5696,-0.315801031,0.989222572
2118,-0.319498489,0.516459277
4284,-0.320857961,0.714728923
218,-0.321408453,0.740767085
5506,-0.323817976,0.80309932
5802,-0.326943744,0.913442369
3665,-0.328166982,0.430359274
1997,-0.328630348,0.669823151
3785,-0.330262337,1.048939066
6751,-0.331075844,0.746538264
1940,-0.331384531,2.173848753
5970,-0.33139549,0.635669092
2613,-0.332423243,2.583052653
4273,-0.333091257,0.952776044
5355,-0.335345738,0.88157326
6251,-0.337614204,0.599085309
4056,-0.338133359,1.489651042
5143,-0.338228457,0.76035105
3401,-0.339244055,1.221828776
5281,-0.339757323,0.976903106
1915,-0.340208495,0.771042895
5478,-0.341104829,0.368867035
2499,-0.341679276,1.178749035
6300,-0.344920441,1.199973244
7503,-0.34739396,0.915011007
2360,-0.349455918,0.427570741
6649,-0.350289041,0.146351792
3885,-0.3522684,1.99119368
1547,-0.35528802,1.26712292
2974,-0.358880758,0.915453674
5152,-0.359144966,1.879620759
2211,-0.359198916,0.92508836
3563,-0.359617323,0.456902817
1397,-0.362085424,0.560889513
5732,-0.362454216,1.204572443
3882,-0.362521272,1.816710539
2153,-0.362919451,0.672571037
2540,-0.363348673,1.003172187
6444,-0.363978988,0.485663739
6051,-0.364715916,0.913029872
2588,-0.36561647,2.209676129
5824,-0.367719937,1.27333118
2099,-0.367755583,1.189418394
5585,-0.368951738,1.111867082
3754,-0.371651074,0.54718684
5617,-0.372343886,2.205748467
4812,-0.373760301,0.796717261
4546,-0.376486142,1.131342471
3483,-0.376768271,0.926521047
2556,-0.377880425,2.367089459
3625,-0.378299979,1.676063024
5716,-0.382654936,0.828570009
2078,-0.382794208,1.381714546
2850,-0.383315234,1.846836211
1844,-0.383913654,0.433684068
6093,-0.385559097,0.682053101
2034,-0.387530857,1.255673072
2614,-0.387645611,0.967449652
4436,-0.38930313,0.839194054
5618,-0.393633423,1.683990126
2318,-0.394130912,0.594751171
4750,-0.394350242,2.084831398
3070,-0.395769147,0.8727081
7720,-0.395837865,0.704503466
5738,-0.397043131,0.435677942
6016,-0.398797006,1.587142845
1849,-0.399129981,2.177105745
1508,-0.400358909,0.618270471
5999,-0.400899625,1.40745519
4386,-0.40573302,0.806634892
2957,-0.40654737,0.785308895
5809,-0.408081336,0.695983275
2946,-0.409241751,1.111337544
1917,-0.410352828,1.677607737
7018,-0.41223523,0.556554552
5176,-0.414260251,1.015366329
4632,-0.415414552,1.072250408
5569,-0.41600417,1.480616851
2610,-0.416448277,1.448938858
4181,-0.418131962,0.873146846
2072,-0.419765183,1.433204864
6634,-0.419881615,2.558153851
5554,-0.419908242,0.885901172
5189,-0.420149816,2.277222894
3272,-0.421013032,0.649161668
4076,-0.421107118,1.354374432
5457,-0.423105374,1.432773338
1629,-0.425042381,1.409810809
4252,-0.427906405,0.438525726
1824,-0.428924264,0.460509433
4187,-0.430352755,1.720655358
3120,-0.43090228,0.386161663
2380,-0.431830048,1.468684453
4797,-0.43189249,2.268124763
3353,-0.432732839,0.41475015
7210,-0.434406001,1.743945246
6048,-0.43442275,1.067890536
3400,-0.43461287,1.760163439
2179,-0.434792319,2.244970005
4538,-0.435600123,0.605751738
1943,-0.435783577,0.715740812
5582,-0.435945429,1.017053268
1939,-0.436562732,2.078473026
4461,-0.438362148,1.286802399
3063,-0.438966872,1.363405341
3815,-0.438984907,0.874661616
2977,-0.439249129,2.490950992
2973,-0.439628478,0.361830284
6765,-0.440983766,0.693208099
4618,-0.441023005,0.533406785
5115,-0.443891018,0.68900729
5372,-0.44576167,0.745629729
4170,-0.446039885,1.262077792
4431,-0.448035124,1.610246935
5558,-0.449874058,0.479290762
3647,-0.450669094,0.800052846
2615,-0.452034432,2.416586681
3301,-0.456456595,1.52426493
2091,-0.458016994,0.326215346
7390,-0.459155132,2.267093253
4963,-0.460885088,1.344259157
2295,-0.461941331,0.726774677
1497,-0.462948468,0.448547237
5783,-0.46487262,0.98461327
4116,-0.465457034,0.933626117
4816,-0.465518781,1.017902525
2050,-0.465873997,1.501943925
2548,-0.466221838,0.961361575
6080,-0.46755604,0.92684707
1757,-0.468929177,3.462921619
2238,-0.468929177,3.462921619
3229,-0.469819113,0.978167349
3099,-0.471411757,1.387973795
1485,-0.473505487,0.505558661
1488,-0.47457451,2.766955277
6650,-0.475155357,1.095967131
3094,-0.480661457,1.508173922
1474,-0.481713028,0.939776533
1477,-0.484860831,1.138297883
4972,-0.485144797,0.451099251
1851,-0.486538823,1.449438173
1763,-0.486908496,1.513732116
2160,-0.489349779,0.926903323
3151,-0.489937591,1.076383661
3380,-0.491506154,1.34595531
6330,-0.494341669,0.641798896
4643,-0.495543461,4.966122423
1781,-0.495903623,0.502825366
5528,-0.49622988,2.292097575
2159,-0.50048478,1.363434676
4421,-0.500836971,1.684772121
2084,-0.504703204,1.717028774
4950,-0.505460304,1.848251862
3314,-0.508429058,1.806141205
4681,-0.508797712,1.102859707
4764,-0.509929725,1.600792305
7504,-0.511447817,1.159268371
3664,-0.512171945,1.525482951
6017,-0.514122533,0.87872822
4677,-0.516867349,1.262111769
5486,-0.517877836,2.805482185
2147,-0.519242103,1.126691274
4718,-0.520004354,2.864699428
7547,-0.523616148,0.817338616
2979,-0.52432646,1.00888545
662,-0.525840825,1.127858254
5185,-0.525970261,1.58800809
1806,-0.527237712,1.492434302
6031,-0.53200248,1.515209194
5718,-0.532069927,1.034077991
3957,-0.535681676,0.794893684
5810,-0.53589841,2.805429023
5997,-0.537778139,0.69160879
3302,-0.538500798,1.458168114
5269,-0.539095405,3.376040213
4817,-0.540066013,1.810866927
4415,-0.544366182,1.949485521
2831,-0.545271839,0.507620858
1197,-0.546888568,1.393292667
3323,-0.547125897,1.076991591
4915,-0.547638262,0.605212188
4901,-0.547840668,1.708366707
5721,-0.548502953,1.273149147
1786,-0.551689295,0.672592449
3894,-0.553727979,3.999274173
5891,-0.554094377,2.794223737
6437,-0.554259077,1.745450171
3577,-0.554812373,1.432253586
5837,-0.555704818,1.079828825
1931,-0.555870369,1.631896365
1762,-0.555943292,0.693831516
4620,-0.55663563,0.767247363
3379,-0.558831468,1.072051163
7623,-0.558845444,1.197837431
1625,-0.559386289,0.982627101
5345,-0.559502499,1.569419243
1843,-0.559995421,1.890531887
5177,-0.560998862,2.946895044
472,-0.562038582,3.854669999
3053,-0.562038582,3.854669999
5480,-0.562566002,0.860737785
4080,-0.562954733,1.476932782
4540,-0.564112477,1.333755095
5544,-0.564844684,1.248821313
3610,-0.569134931,1.001334061
3999,-0.570305031,2.01125363
5682,-0.571415222,0.623537726
3155,-0.572409221,1.680647015
5559,-0.574409095,0.924966329
2043,-0.57548362,1.764523496
1470,-0.577597237,2.194339075
2439,-0.57876321,0.770963498
5667,-0.581218127,2.785245589
2965,-0.583541577,0.755245131
4714,-0.58425395,1.57700564
3064,-0.584737618,1.923353491
704,-0.585664654,1.540452299
3840,-0.586164402,1.987146427
1473,-0.586693568,2.077740623
1749,-0.590769221,1.889947558
4981,-0.590797522,1.421477481
1481,-0.59087346,1.864736496
5704,-0.591514764,1.444731801
5488,-0.592581135,1.509025819
5683,-0.592727957,1.320803285
4225,-0.592792553,0.911743841
1379,-0.593706727,2.577157458
2584,-0.59400637,0.997995945
2558,-0.594475491,0.676621996
1860,-0.594639554,1.025854635
967,-0.594733684,0.955028745
2771,-0.594896126,2.284633457
5050,-0.595400116,2.1457842
3316,-0.599682961,1.852216827
3869,-0.601050658,4.868828579
2085,-0.601083837,2.53368366
7454,-0.603397593,1.323432434
2457,-0.604232275,1.121064721
2315,-0.607452227,1.525705808
3032,-0.609129037,1.449146632
3006,-0.609237153,2.202471653
1859,-0.610520294,1.010014767
5502,-0.610744006,1.413552213
1543,-0.612632575,0.529580043
1448,-0.613196278,2.13465867
1493,-0.614097491,1.333230488
1408,-0.617227198,1.320895965
3355,-0.618225855,0.597948341
5724,-0.61875282,2.616987065
4651,-0.619427337,2.410579025
4317,-0.6218595,1.00086241
3201,-0.623997446,1.675176474
5829,-0.624384959,1.535944249
3787,-0.626906005,0.918152768
3127,-0.627192918,2.014011891
2565,-0.627625728,2.236546377
1919,-0.628572849,0.543396811
2127,-0.629894391,2.177160343
4697,-0.630802428,2.51052217
3306,-0.631104843,0.74328226
5221,-0.631827811,1.251493964
5354,-0.633088233,1.380828758
4497,-0.634577205,1.787205445
1656,-0.635633507,1.971165847
1500,-0.635908576,2.334676407
3052,-0.636623906,1.776789529
7276,-0.640280842,1.635491579
2125,-0.640834086,1.24384997
2570,-0.640878274,1.66542148
3391,-0.641357934,0.847595749
4725,-0.645539294,1.174183304
2612,-0.647019565,1.347642818
5341,-0.64730978,1.476742849
4117,-0.648152682,1.832281282
5382,-0.649835938,1.840089322
1476,-0.650121898,0.828511451
6217,-0.652033147,1.408723669
4644,-0.652161244,2.235445632
7582,-0.652668389,1.197064245
4287,-0.65610738,3.176427287
4243,-0.65701528,1.691496375
1105,-0.658597601,1.052887289
1366,-0.65925914,2.264644282
471,-0.65940195,0.899985151
5560,-0.662649672,1.970800651
5023,-0.664023764,1.687439741
5853,-0.664023764,1.687439741
3274,-0.665460311,0.396067636
2391,-0.665604187,1.281881542
1510,-0.668865887,2.031362614
1305,-0.670504469,2.111333749
3041,-0.674078453,2.151348551
1055,-0.674425058,1.047538191
2261,-0.674845569,0.874478087
4874,-0.676019921,2.699402604
7650,-0.677388804,0.789192178
1630,-0.677991395,1.410306836
3405,-0.679051101,2.129911048
3181,-0.679277636,1.346778615
1784,-0.681621032,1.073365631
6677,-0.683545251,2.322138763
5722,-0.687807636,1.251344967
4933,-0.689093877,1.241175707
1649,-0.692361973,2.057973734
1767,-0.692543632,2.676602915
1492,-0.693766644,2.416999368
1410,-0.694351552,2.060493074
4923,-0.69567727,1.177358674
5342,-0.69746458,2.458709179
5465,-0.699062465,1.076737169
2955,-0.701267481,1.586695547
6651,-0.707071015,1.76717314
3122,-0.707905322,2.726144036
2459,-0.710086611,0.969199724
3641,-0.71294259,0.860451715
6743,-0.713877521,2.554669997
2190,-0.714578255,1.855249081
5774,-0.715112623,1.95027181
1646,-0.717493121,2.950869475
3184,-0.718405017,1.621716773
6747,-0.720648571,3.339397061
3141,-0.721008911,1.271107423
2587,-0.722998247,1.844762323
3617,-0.72902236,1.178759887
5804,-0.730145495,1.041360744
5228,-0.730656123,1.79531439
4753,-0.734227968,1.096284074
1478,-0.735466093,1.208989934
5693,-0.73652013,2.008292871
4916,-0.740982264,1.914372503
3161,-0.741630343,1.431214653
5547,-0.745761094,1.223251558
4878,-0.746660088,2.721928878
2791,-0.746726065,2.572908583
5575,-0.747155888,2.580543599
2589,-0.749106504,3.990842121
5206,-0.754334762,1.219905872
847,-0.756560541,0.74157145
5456,-0.757868815,1.696035055
3299,-0.758082617,1.718567123
1848,-0.760106041,1.553437262
2571,-0.761535012,1.15959633
4626,-0.761846467,1.573116349
2809,-0.763403558,2.183089706
6447,-0.763849831,2.032143124
1932,-0.764387765,2.340264172
3611,-0.768295527,3.445773093
2145,-0.772501627,2.129266866
3889,-0.776133137,0.982577982
5566,-0.776133137,0.982577982
5172,-0.77843841,1.00122602
6653,-0.78230162,2.193898912
3659,-0.782793082,1.708254961
6446,-0.786171728,1.819592714
5615,-0.786551936,3.981266955
6748,-0.786563698,1.684138499
1285,-0.787579328,1.4285306
3872,-0.790590594,2.127944292
4018,-0.791184357,3.139368649
6029,-0.792527416,0.862498627
1544,-0.793094956,1.29937323
4728,-0.794792805,1.524654992
2202,-0.795904608,2.394268537
1502,-0.796324436,1.463902942
5530,-0.797656009,2.477039626
4873,-0.798945281,2.208425953
4957,-0.799362923,1.048092113
3394,-0.801142408,2.923395653
1841,-0.803094118,2.181981339
6089,-0.807072504,1.127398094
2381,-0.808238727,1.461681427
4003,-0.818476788,1.695983575
4636,-0.81855085,0.932682786
5723,-0.818671378,2.475460785
4902,-0.822963007,4.001801355
3116,-0.826843037,1.055262979
3183,-0.827352881,0.782786206
4751,-0.828171089,3.646741231
5666,-0.828339368,1.246877717
5684,-0.829939292,2.136655052
3891,-0.831468721,1.536510989
4363,-0.83158867,0.931851685
4798,-0.831942779,2.519911429
3393,-0.832856797,0.926639267
1759,-0.834084622,1.707078891
4489,-0.834446845,2.104063513
2533,-0.841511489,1.64889251
1850,-0.841763682,1.887615332
6732,-0.845533332,2.401499423
6448,-0.846326449,0.945673479
5832,-0.848220942,1.116402529
4081,-0.849111972,1.827218372
3540,-0.852909961,2.514570298
2586,-0.853292002,2.680704314
1614,-0.853831928,1.847422478
848,-0.854051423,3.11974251
4322,-0.861523979,2.208299126
3820,-0.864673403,1.481173017
5792,-0.867345205,3.317823323
3873,-0.869031783,1.648843033
3199,-0.874647782,1.652216872
2765,-0.874917035,1.089306179
1548,-0.877687352,2.41105841
2189,-0.881282111,2.784394469
5381,-0.882073171,1.004977251
2049,-0.88415414,1.39370603
1592,-0.886765029,2.214299466
5100,-0.88691687,2.713490611
4230,-0.888171227,1.105675599
4705,-0.888626153,2.394898224
2549,-0.891013367,2.107382483
4875,-0.892776937,2.103264073
4774,-0.894563646,2.709920152
3397,-0.895397485,1.088184396
4672,-0.898972397,1.285859969
1951,-0.899783163,2.786413196
3148,-0.913630885,1.497873335
5730,-0.918241078,2.264052853
5220,-0.921086978,3.057474842
4703,-0.937631141,2.345791428
5409,-0.938255841,2.301970421
1459,-0.940757229,2.368213129
4766,-0.942583591,1.490129204
3341,-0.945356171,1.85963304
4241,-0.945630096,0.917677041
4946,-0.946012544,1.291681457
3377,-0.950266617,1.431244525
4741,-0.954347789,1.217874654
1814,-0.955037417,1.806049283
1798,-0.95770462,2.390441458
2839,-0.966202067,2.204116205
7457,-0.972960784,2.958453916
3672,-0.975211442,2.214700871
2356,-0.975946197,1.5491019
5340,-0.981647968,1.853016512
2905,-0.986851102,1.079827302
1071,-0.993632637,1.76173264
1810,-0.997773503,1.611673511
1782,-1.004011977,1.874729192
3878,-1.004999086,1.898183149
5350,-1.005255727,1.359225463
2593,-1.005931315,3.01592496
3543,-1.007706656,2.042114823
6460,-1.012267279,1.899932557
2572,-1.013026503,2.050219003
2316,-1.015035871,2.765762305
1511,-1.015963337,1.544251002
4649,-1.017368915,2.64789517
1852,-1.017378066,1.364484502
499,-1.024947839,2.484090551
4719,-1.029486002,4.81506672
3576,-1.030639062,2.331404675
5712,-1.032063377,1.988528624
3813,-1.032432471,1.430686819
3098,-1.037613114,1.58107174
5616,-1.038469312,4.504306089
1992,-1.045823919,2.733008809
4234,-1.053534317,1.745723665
3662,-1.054142698,3.730652809
4899,-1.05544194,1.365991682
5338,-1.062643941,1.815022026
1858,-1.063782615,2.578325442
3304,-1.064419209,1.902597216
1611,-1.06490207,2.684329731
1718,-1.067040596,1.311696464
3388,-1.067801171,2.445709398
5527,-1.07547011,2.956573069
4118,-1.076751387,2.661381077
4133,-1.077107475,1.249944629
2088,-1.07824576,2.472085236
4690,-1.082574638,2.526552572
6741,-1.083464364,2.125186799
7163,-1.084230436,1.664818325
4706,-1.08520424,2.72720118
1768,-1.090598883,2.080537349
4124,-1.09152338,2.58694232
1652,-1.091783065,3.15745164
5756,-1.092235838,2.753344652
1022,-1.092894204,1.322980441
5344,-1.095802517,1.817310792
3280,-1.096723524,1.608365973
3147,-1.10171284,2.356317005
5632,-1.112128067,3.386130742
2763,-1.114687468,1.309858166
4694,-1.11834272,2.533478467
4900,-1.120767267,1.409650004
1807,-1.121958625,1.846328336
5711,-1.133351641,1.074944512
1471,-1.139719285,2.478582075
2465,-1.142858905,1.499142489
412,-1.144363553,1.409803544
1073,-1.144831972,1.964017473
4820,-1.144831972,1.964017473
4700,-1.150052197,1.938467149
2618,-1.150920306,2.840234947
3660,-1.151658886,1.654468134
4724,-1.152090125,3.685522975
5531,-1.154369985,3.148148196
2608,-1.159371596,1.415294271
4650,-1.16232301,2.039812419
5581,-1.162330017,3.046652834
6170,-1.167222663,0.80484021
4640,-1.172786541,0.990569922
3875,-1.174300675,2.643247014
6050,-1.18105671,2.810443595
2463,-1.186233146,3.15037576
3200,-1.187160426,2.275725293
655,-1.187724349,2.041934044
2073,-1.188101652,1.952460316
1495,-1.18996137,2.561537252
5020,-1.195558942,1.814975695
1751,-1.19764279,1.546045171
5201,-1.20572347,2.222944033
4710,-1.210874449,3.773743595
6036,-1.212045543,1.670419005
3440,-1.223929144,1.258824944
1846,-1.224700243,1.247876139
4648,-1.225329019,2.101935212
4893,-1.228921918,1.407589011
4075,-1.23433749,2.958295016
898,-1.236498464,2.233163532
2940,-1.240354946,2.019957183
4228,-1.24829774,1.444115114
2604,-1.249622072,1.698731667
3348,-1.275645418,1.041176685
1833,-1.276171176,1.984111211
5728,-1.276776167,2.911721247
969,-1.286080095,2.004133842
6652,-1.292588101,2.711443179
1486,-1.295315367,1.259663705
4814,-1.297959985,2.682856708
4696,-1.298530542,2.90707776
6707,-1.303022784,2.031619557
3880,-1.305068672,1.664103464
3903,-1.306927143,2.030130198
3378,-1.309183086,2.58964394
3109,-1.309438661,1.932887973
1394,-1.318029414,3.840664614
3888,-1.319229903,1.900703243
2384,-1.321090666,2.765686947
4702,-1.321600292,2.689846074
7455,-1.325043555,2.699432624
6731,-1.330089372,1.986647436
5988,-1.335293406,1.510020021
219,-1.335482293,1.789759061
2010,-1.336998281,1.688443614
4904,-1.348267205,2.424787184
4307,-1.351884388,1.520115558
1557,-1.356320106,1.941090838
3054,-1.369631783,1.322657143
4699,-1.372309373,1.469626358
4698,-1.380238483,2.541436873
5737,-1.384913123,1.41885601
5522,-1.385671379,2.259110169
3016,-1.402244289,1.950076692
4787,-1.403005651,3.478873224
7413,-1.403630458,2.396315942
3392,-1.409162452,2.322858206
5028,-1.41075879,1.977660399
2903,-1.412806532,2.171144949
4251,-1.41501074,2.040351295
5634,-1.420467917,1.778391996
5807,-1.440219066,1.615460434
5848,-1.442474215,1.871250743
1198,-1.44364259,1.967409917
2583,-1.446563701,2.646498921
4641,-1.449099279,2.986812118
4701,-1.457185038,2.330520646
3896,-1.462529859,2.208177405
4638,-1.466934854,2.082523103
2106,-1.487531371,1.772398551
4723,-1.492037099,3.344785786
4155,-1.495123749,2.630516004
4224,-1.500741402,2.463179818
1166,-1.505366934,2.361770643
1150,-1.513799544,1.002448427
3037,-1.519748099,1.712593364
6248,-1.537601071,1.621913273
4498,-1.540013043,1.95136099
3097,-1.585958553,3.664720743
4691,-1.589138554,3.72310309
4716,-1.592613087,2.296963101
4695,-1.593319618,2.488525919
6059,-1.594427807,2.822789891
3725,-1.600672721,2.355504743
3197,-1.605351032,2.517024754
1545,-1.607226589,3.72370806
1229,-1.60958196,1.559497772
5739,-1.611880716,2.692267227
1323,-1.612098794,2.673202872
4708,-1.620352296,2.928937432
1590,-1.627547486,2.753557905
4818,-1.63140271,1.881168866
2591,-1.639933489,2.2219178
3315,-1.649259711,1.791137962
7225,-1.654832266,1.401336644
4707,-1.670295324,1.5007436
3129,-1.683101828,2.864638005
3477,-1.69101642,1.513696422
3904,-1.701510239,1.974013416
3901,-1.70498198,2.794662296
4500,-1.707563952,1.928303673
3892,-1.728726438,1.708276995
4642,-1.751299601,1.579324126
2631,-1.75307326,3.20894428
5548,-1.754101779,2.971514386
978,-1.771339843,1.659475293
4692,-1.776121324,2.101282647
2956,-1.78091756,2.423546115
2060,-1.801138499,2.129220269
3890,-1.837693398,4.070886986
1391,-1.849253287,2.757394855
3015,-1.863746575,2.222421451
5215,-1.875410574,2.453044397
5216,-1.908169619,4.426177721
5725,-1.918172759,2.912511474
6047,-1.918987165,1.784234856
3114,-1.939442208,2.221464317
2492,-1.944388819,1.969535733
2958,-1.981906315,2.906650353
5789,-2.023627506,3.301542999
2606,-2.058370697,1.65314108
4717,-2.133575429,1.74778297
5157,-2.169479264,4.872719541
4637,-2.213652287,1.896995655
4288,-2.214915825,1.62481132
5021,-2.229300138,5.042241009
1392,-2.253167841,2.147537179
1612,-2.347560688,2.871331044
2382,-2.353141393,2.203156378
1845,-2.449210693,3.18091342
2009,-2.500701258,2.96066965
5277,-2.619942236,3.678432952
4085,-2.933366595,4.252531128
2021,-3.345467087,4.117251992
1168,-5.046745358,1.407140094
5482,-5.824910149,3.962179942
1169,-5.980607462,1.485774132
4369,-6.18803288,3.953650776
6013,-6.207132806,1.543454278
6921,-6.209204156,1.5434706
7310,-6.237034591,1.098331581
3864,-6.247912638,1.840637034
4272,-6.251014743,1.488038267
3156,-6.338168954,1.972749629
2748,-6.353921499,3.951189035
3187,-6.359513348,3.951117891
816,-6.360914703,3.951100173
5960,-6.40318542,1.448910933
5179,-6.413829116,1.3967873
6395,-6.449119139,1.730707218
601,-6.45820951,1.218691054
1817,-6.522235032,1.92547101
4254,-6.552585008,1.949183395
1127,-6.557098237,1.652638868
1100,-6.569708512,1.16784162
2102,-6.606390737,3.948599553
2458,-6.614880421,1.631626822
4479,-6.643550927,2.35210481
3095,-6.651440232,1.946352544
4110,-6.675848848,1.657464326
7014,-6.702989727,1.998572725
2133,-6.718104011,1.926651974
1218,-6.737827195,2.131560656
577,-6.756917172,3.947550963
4734,-6.762685572,1.408828692
3429,-6.804450921,1.223439684
4658,-6.807656331,1.409061839
2811,-6.830531432,2.097498763
4944,-6.861547478,0.607263076
1568,-6.8643025,1.43912358
3386,-6.873104881,1.976025689
3297,-6.88756811,1.976098481
4793,-6.890347994,1.451721299
7079,-6.894854464,1.976134877
3179,-6.929520772,1.294639403
2270,-6.930486935,1.255465897
4940,-6.933563479,1.482296734
1151,-6.935787128,2.092450803
4195,-6.946929114,3.946612866
408,-6.948522484,1.492236784
5088,-6.955857855,1.409780393
4871,-6.969444381,1.051241049
2425,-6.977725095,1.899831151
3115,-6.986204532,1.579296406
7515,-7.012099151,1.776924397
4837,-7.013399961,1.696419106
1607,-7.013912753,1.040154571
2749,-7.019567692,1.452319793
5423,-7.034746138,2.193736988
7459,-7.041512482,3.946272571
5707,-7.050213005,1.273663665
4743,-7.055059014,3.946229664
2269,-7.071923816,2.093080334
7336,-7.081838407,1.427105676
4647,-7.088255227,1.421776001
2117,-7.132025115,1.217234685
1923,-7.13853074,1.928704299
2019,-7.139123279,3.945992748
3300,-7.143280405,1.37498476
2312,-7.144905632,3.945978205
303,-7.149708695,1.410614874
2358,-7.149875901,1.977299497
1393,-7.154258049,1.224977497
7758,-7.156628059,1.452898359
2812,-7.162557848,1.590828302
2107,-7.168269625,3.945921597
5045,-7.174253972,1.697110347
5961,-7.191262778,1.846026411
6288,-7.207680352,1.977536049
5561,-7.208070633,3.945832815
5567,-7.22162017,1.682204047
5397,-7.228788121,1.808287532
998,-7.232867396,1.493441987
2560,-7.233515649,3.945780859
2967,-7.246797335,1.538822432
2470,-7.247244751,1.422408515
3050,-7.259693382,1.949278539
6009,-7.262938144,1.751328533
3970,-7.264654161,3.945722099
451,-7.277529025,0.995902907
5760,-7.281630484,1.257460579
6654,-7.286943631,1.977845382
3043,-7.291126373,3.945676121
1956,-7.298147995,2.001348847
1286,-7.311503888,2.134191005
1966,-7.32354785,3.945624537
6149,-7.32354785,3.945624537
4466,-7.325070935,1.669850822
4578,-7.329413089,1.145626079
3821,-7.334062479,1.855941068
6151,-7.338175428,1.453584404
4517,-7.340035973,3.945600213
1389,-7.347532346,2.74745793
3759,-7.360742889,2.14911595
2522,-7.36243822,1.461375286
1276,-7.369570725,1.633280397
6504,-7.372128444,2.504308403
5461,-7.379356933,1.411468101
7046,-7.382448065,1.484983614
5685,-7.38268368,1.929648428
398,-7.398090886,2.099944994
3568,-7.398136391,1.167196035
3482,-7.401649996,1.642733944
4143,-7.412078338,1.318977374
3047,-7.426903856,0.942670225
1840,-7.432770102,1.656720083
3503,-7.43669415,2.134639134
4247,-7.443129466,3.94547483
7458,-7.452987184,2.377726147
4150,-7.456336028,2.100145917
3972,-7.457213972,2.094571949
823,-7.461749524,2.100164183
7419,-7.469398119,1.843645177
3298,-7.470267209,2.001960271
1231,-7.473124206,3.945446257
7696,-7.473196663,1.935668113
4192,-7.474863261,2.013441631
4533,-7.479788789,1.423216198
7693,-7.481372981,1.484444404
4250,-7.498926938,1.935753114
2553,-7.508405431,2.365713803
6549,-7.515812285,2.149647026
4399,-7.516610483,1.930102269
6996,-7.517090091,2.303994831
87,-7.51816679,1.657082688
5024,-7.524812243,1.484582189
7143,-7.527881596,1.930138575
3402,-7.545498506,2.304085858
2785,-7.549421448,2.566220173
2328,-7.551738545,1.573726936
4721,-7.561915254,1.65713798
4747,-7.58665684,1.625604826
3842,-7.58819161,1.462104138
1167,-7.59152304,1.856804429
5192,-7.595996885,1.891730817
3404,-7.603695371,2.187058491
3376,-7.608723921,1.485705891
1752,-7.609052537,3.945354716
3602,-7.610700186,1.936105245
3912,-7.613054467,3.945352868
459,-7.613167033,1.94689784
7019,-7.618802138,1.670820522
6250,-7.622690478,1.457866016
2124,-7.638990518,1.575894739
3832,-7.640021515,3.94534155
3846,-7.640021515,3.94534155
7209,-7.651261767,2.095185427
995,-7.653259284,1.861995788
2249,-7.656046897,1.835254548
3345,-7.65781162,2.356400274
2234,-7.667502251,3.945331974
4392,-7.676824078,1.85705808
4339,-7.677785699,2.472925547
4395,-7.681897239,2.356470351
2275,-7.687673293,1.979173627
5577,-7.68846187,3.945325936
2370,-7.691645215,2.356498384
302,-7.700089836,2.002670854
5509,-7.703229907,1.809876988
1091,-7.710449819,1.314085682
1662,-7.731158987,1.705680579
1822,-7.749778602,1.211082132
5038,-7.753232125,3.945313705
1588,-7.756665007,2.356680646
5833,-7.762144457,2.101077691
3474,-7.772138647,2.366497698
4442,-7.779226559,1.168277685
1396,-7.792823807,2.371015673
3906,-7.798741213,2.868821953
4413,-7.799464119,1.97948293
5445,-7.800555813,2.747143211
1968,-7.804462261,1.424146052
4158,-7.804462261,1.424146052
3036,-7.805009353,1.418120238
908,-7.805827968,1.938550848
4571,-7.826042661,1.644003251
4932,-7.830921576,1.821038656
2810,-7.83204338,1.626289003
5820,-7.837081689,2.747236934
2053,-7.844793424,1.636559914
3344,-7.846390401,1.768002832
2276,-7.848515636,1.82108394
4032,-7.84980969,1.931064273
1165,-7.855183005,2.304970888
2077,-7.864116232,3.945312564
4223,-7.871483968,1.662116542
3163,-7.873848546,2.356989261
53,-7.874652276,1.357721059
849,-7.880407339,2.101388366
3851,-7.896410481,1.485605215
4813,-7.897976938,1.412959644
3123,-7.908510351,3.945318125
4905,-7.911931568,1.440495168
2924,-7.914904719,1.931227614
594,-7.920650465,1.979792228
5025,-7.921072535,1.485664208
4207,-7.9229386,2.136054334
1820,-7.927564008,2.473587186
3010,-7.939603131,2.101534581
3839,-7.941677215,3.945324241
5516,-7.941775861,2.157801713
468,-7.943464444,1.810502797
6766,-7.950089455,3.945326043
4536,-7.951213339,1.486604085
4823,-7.963136595,1.485762522
3720,-7.975108941,1.458775317
2235,-7.98562015,1.737070447
5778,-7.997636162,1.658382688
6685,-8.006501559,1.969331946
1862,-8.010049288,1.15073928
2308,-8.020908529,1.810683283
3167,-8.033216182,2.10175392
2387,-8.035438698,1.951598226
1805,-8.054728473,2.136362757
201,-8.056645615,2.567454838
7354,-8.061276164,1.331439273
5426,-8.063819706,1.868541231
4440,-8.075094615,1.389343563
6088,-8.07794292,1.671990199
4298,-8.081635984,1.845403796
3078,-8.097849344,2.003662389
980,-8.110940561,2.367317222
1494,-8.117572569,2.197184893
2668,-8.117727505,2.096363069
2683,-8.11813923,2.357557954
3844,-8.12079795,1.893075368
5784,-8.121898457,2.228847357
7137,-8.123221215,1.243003225
4941,-8.153622849,3.945395406
1230,-8.156107974,2.995484241
5546,-8.15829885,1.530740742
6457,-8.163011303,1.980338036
1067,-8.180212225,1.468179553
2223,-8.193036719,1.561800323
1303,-8.193801279,1.413598253
3749,-8.197575203,2.305752947
7391,-8.210375059,2.330940353
4154,-8.215898421,1.391112884
1947,-8.228390617,3.945430797
5057,-8.262307662,2.197479754
6213,-8.263175465,1.980538162
3102,-8.264412048,1.85845082
2272,-8.271708328,2.614795778
1504,-8.274046094,2.440189198
3959,-8.275087207,1.22518623
5275,-8.297811633,2.151607039
2787,-8.301169749,2.515176575
4377,-8.312178095,1.249539924
3352,-8.313978735,1.700306885
2068,-8.320241765,2.004108589
2624,-8.321478231,1.344755134
1466,-8.324446759,2.151656904
5276,-8.330981951,1.981519591
7314,-8.332410474,1.932116819
4328,-8.338798689,1.425285366
5543,-8.340187046,1.811332901
1594,-8.362378153,2.331229972
3169,-8.36458389,1.769114899
5946,-8.369051594,2.72903911
1857,-8.374689549,2.004207746
5280,-8.374774253,1.384842782
3048,-8.383544296,2.467067365
5800,-8.413745659,3.945533742
5627,-8.425743415,1.78103453
2069,-8.426689291,2.735077818
4730,-8.433878361,2.380134373
5142,-8.446944065,1.528266917
1386,-8.455092097,1.410292969
3176,-8.455497387,1.826384966
7098,-8.480172013,2.380212719
1401,-8.494664146,2.102649773
5322,-8.49757725,3.945585299
4877,-8.498195494,1.980956601
3049,-8.500670679,1.800436823
2044,-8.511007777,1.932425282
2089,-8.516514231,2.137246289
2675,-8.538498498,1.721746255
989,-8.571665559,1.456519829
4101,-8.572452654,1.605100796
1777,-8.578765739,1.955990289
5557,-8.586898337,2.773109244
1550,-8.596223408,1.541282467
3673,-8.620974574,2.368241082
1489,-8.63438891,2.10286922
2291,-8.63612212,2.532704428
5855,-8.636140389,1.595958755
3091,-8.637793407,1.605198279
1395,-8.643867802,2.050014752
6237,-8.64828603,1.816248244
5141,-8.655090575,1.446698369
1445,-8.666107853,1.673034477
5047,-8.674059064,2.259069087
4277,-8.68639165,2.467553316
1482,-8.687055049,3.94570818
4515,-8.688670501,2.1893893
1503,-8.700448126,2.450198927
2942,-8.701503271,3.756550453
3614,-8.732246722,1.99579288
2795,-8.755191096,1.982196155
2197,-8.762068553,2.097474889
124,-8.763754707,1.488046133
1551,-8.763911212,2.729653898
3954,-8.769005715,1.721190043
3663,-8.772749915,1.430641364
2206,-8.775758946,3.013446661
2020,-8.79163254,2.129764678
3607,-8.794287152,2.99651852
1096,-8.808177595,2.189554731
5243,-8.813204175,1.981420513
866,-8.820117537,2.053786427
1428,-8.845500553,3.945813852
7165,-8.846383679,1.686026164
2132,-8.848350957,2.828156347
2503,-8.858532811,1.596259387
7456,-8.930432075,2.358887748
3916,-8.930621509,1.804748699
3726,-8.93475768,2.887442357
6556,-8.980842876,3.426775114
2340,-8.995773996,2.230247559
2101,-9.001619755,3.945917568
5037,-9.003326411,2.507792976
4487,-9.004206686,2.425745423
4835,-9.027693481,2.804239368
4285,-9.037941038,0.961888655
5710,-9.042176472,2.097823475
473,-9.064161221,3.94595854
5118,-9.06934164,2.217741279
7260,-9.070157929,1.898639661
2311,-9.074855385,2.812097749
939,-9.09060876,3.160725143
5539,-9.1138244,1.651136978
4065,-9.188681412,1.596628246
4156,-9.213123861,3.946054027
3351,-9.235971846,1.79701678
5475,-9.315525301,2.974779361
1441,-9.341549947,2.755529752
5278,-9.384026748,1.905325047
4253,-9.424139049,2.771322659
6633,-9.428035055,2.485303947
2594,-9.471333517,2.124893606
5857,-9.931010273,2.880638954
3177,-9.955728695,2.152350649
5532,-10.05192898,1.455160587
4624,-10.34654792,1.963101098
2297,-10.41808891,2.297980584
3741,-10.45354665,2.616956753
4709,-10.53840282,1.972081507
1591,-11.28719066,2.333499075
4693,-11.32803688,1.880362715
2590,-11.3927901,1.736923131
